<?xml version="1.0"?>
<extension key="com.aghstrategies.contributionstable" type="module">
  <file>contributionstable</file>
  <name>Contributions table token</name>
  <description>Uses token to build contribution tables for individual contact records</description>
  <license>agpl</license>
  <maintainer>
    <author>Maggie Epps</author>
    <email>maggie@aghstrategies.com</email>
  </maintainer>
  <releaseDate>2013-11-29</releaseDate>
  <version>1.0</version>
  <develStage>alpha</develStage>
  <compatibility>
    <ver>4.4</ver>
  <url desc="documentation">https://github.com/mepps/com.aghstrategies.contributionstable</url>    
  </compatibility>
  <civix>
    <namespace>CRM/Contributionstable</namespace>
  </civix>
</extension>
